ID,Type,Locale,Title,Slug,Description,Body,SEO Title,SEO Description,Featured Image,Featured Image Alt,CTA Blocks,OG Metadata,Additional Data
H8rzDM7imABUnWcWNGpGTq,page,ru,"Аналитика, дашборды и автоматизация для бизнеса",home,"Помогаю малому и среднему бизнесу видеть данные, принимать решения и экономить время на аналитике.","Помогаю малому и среднему бизнесу видеть данные, принимать решения и экономить время на аналитике.",,,,,,,
H8rzDM7imABUnWcWNGpGhH,page,ua,"Аналітика, дашборди та автоматизація для бізнесу",home,"Допомагаю малому та середньому бізнесу бачити дані, ухвалювати рішення та економити час на аналітиці.","Допомагаю малому та середньому бізнесу бачити дані, ухвалювати рішення та економити час на аналітиці.",,,,,,,
H8rzDM7imABUnWcWNGpMOR,page,ru,Политика конфиденциальности,privacy,Политика обработки персональных данных,Содержимое политики конфиденциальности будет добавлено позже.,,,,,,,
H8rzDM7imABUnWcWNGpMW7,page,ua,Контакти,contact,Зв'яжіться зі мною для обговорення вашої задачі,Форма зворотного зв'язку,,,,,,,
H8rzDM7imABUnWcWNGpMjY,page,ru,Кейсы,cases,Примеры работы и результаты,Реальные кейсы появятся здесь в ближайшее время.,,,,,,,
H8rzDM7imABUnWcWNGpMrE,page,ro,Cazuri,cases,Exemple de lucru și rezultate,Cazuri reale vor apărea aici în curând.,,,,,,,
UhtN6rPJaY2J3E22gNb0sY,page,ro,Politica de confidențialitate,privacy,Politica de prelucrare a datelor personale,Conținutul politicii de confidențialitate va fi adăugat mai târziu.,,,,,,,
UhtN6rPJaY2J3E22gNb16g,page,ru,Контакты,contact,Свяжитесь со мной для обсуждения вашей задачи,Форма обратной связи,,,,,,,
UhtN6rPJaY2J3E22gNb1Ko,page,ro,Contact,contact,Contactează-mă pentru a discuta sarcina ta,Formular de contact,,,,,,,
UhtN6rPJaY2J3E22gNb1UE,page,ua,Кейси,cases,Приклади роботи та результати,Реальні кейси з'являться тут найближчим часом.,,,,,,,
jtz4hoaXAenMcB4qySFus8,page,ro,"Analytics, dashboard-uri și automatizare pentru business",home,"Ajut business-urile mici și medii să vadă datele, să ia decizii și să economisească timp pe analytics.","Ajut business-urile mici și medii să vadă datele, să ia decizii și să economisească timp pe analytics.",,,,,,,
jtz4hoaXAenMcB4qySG1Pr,page,ua,Політика конфіденційності,privacy,Політика обробки персональних даних,Вміст політики конфіденційності буде додано пізніше.,,,,,,,
H8rzDM7imABUnWcWNGpH0T,service,ru,Part-time аналитик,parttime,Работаю как ваш аналитик на проектной основе или несколько часов в неделю.,,,,,,,,"{""icon"":""📊"",""order"":5,""featured"":false}"
H8rzDM7imABUnWcWNGpH89,service,ua,Аналітичний аудит,audit,"Розбираю поточну аналітику, рекламу та дані. Показую, де втрачаєте гроші і що можна покращити.",,,,,,,,"{""icon"":""📊"",""order"":1,""featured"":false}"
H8rzDM7imABUnWcWNGpHFp,service,ua,Консалтинг і навчання,consulting,"Допомагаю розібратися в аналітиці, налаштувати процеси або навчити команду роботі з даними.",,,,,,,,"{""icon"":""📊"",""order"":4,""featured"":false}"
H8rzDM7imABUnWcWNGpHTG,service,ua,Part-time аналітик,parttime,Працюю як ваш аналітик на проєктній основі або кілька годин на тиждень.,,,,,,,,"{""icon"":""📊"",""order"":5,""featured"":false}"
H8rzDM7imABUnWcWNGpHaw,service,ro,OmniDash — analytics gata pentru e-commerce,omnidash,"Reclama, vânzările și cheltuielile într-un singur dashboard. Vezi nu doar venitul, ci și profitul real.",,,,,,,,"{""icon"":""📊"",""order"":0,""featured"":true}"
H8rzDM7imABUnWcWNGpHoN,service,ro,Audit analitic,audit,"Analizez analytics-ul, reclama și datele curente. Arăt unde pierzi bani și ce poate fi îmbunătățit.",,,,,,,,"{""icon"":""📊"",""order"":1,""featured"":false}"
H8rzDM7imABUnWcWNGpI3j,service,ro,Automatizarea rapoartelor,automation,"Te scap de munca manuală: rapoarte automate în Telegram, PDF, Google Sheets sau Email.",,,,,,,,"{""icon"":""📊"",""order"":2,""featured"":false}"
UhtN6rPJaY2J3E22gNau0K,service,ru,Аналитический аудит,audit,"Разбираю текущую аналитику, рекламу и данные. Показываю, где теряете деньги и что можно улучшить.",,,,,,,,"{""icon"":""📊"",""order"":1,""featured"":false}"
UhtN6rPJaY2J3E22gNau9k,service,ru,Автоматизация отчётов,automation,"Избавляю от ручной работы: автоматические отчёты в Telegram, PDF, Google Sheets или Email.",,,,,,,,"{""icon"":""📊"",""order"":2,""featured"":false}"
UhtN6rPJaY2J3E22gNaueM,service,ua,OmniDash — готова аналітика для e-commerce,omnidash,"Реклама, продажі та витрати в одному дашборді. Бачите не лише виручку, а й реальний прибуток.",,,,,,,,"{""icon"":""📊"",""order"":0,""featured"":true}"
UhtN6rPJaY2J3E22gNauuq,service,ua,Автоматизація звітів,automation,"Позбавляю від ручної роботи: автоматичні звіти в Telegram, PDF, Google Sheets або Email.",,,,,,,,"{""icon"":""📊"",""order"":2,""featured"":false}"
UhtN6rPJaY2J3E22gNav4G,service,ua,Дашборди на замовлення,dashboards,"Збираю кастомні дашборди під вашу бізнес-модель: Power BI, Looker Studio, Tableau.",,,,,,,,"{""icon"":""📊"",""order"":3,""featured"":false}"
UhtN6rPJaY2J3E22gNavfw,service,ro,Dashboard-uri personalizate,dashboards,"Construiesc dashboard-uri custom pentru modelul tău de business: Power BI, Looker Studio, Tableau.",,,,,,,,"{""icon"":""📊"",""order"":3,""featured"":false}"
UhtN6rPJaY2J3E22gNaw3U,service,ro,Consultanță și training,consulting,"Te ajut să înțelegi analytics-ul, să configurezi procesele sau să instruiești echipa în lucrul cu datele.",,,,,,,,"{""icon"":""📊"",""order"":4,""featured"":false}"
UhtN6rPJaY2J3E22gNawCu,service,ro,Analist part-time,parttime,Lucrez ca analistul tău pe bază de proiect sau câteva ore pe săptămână.,,,,,,,,"{""icon"":""📊"",""order"":5,""featured"":false}"
jtz4hoaXAenMcB4qySFv0S,service,ru,OmniDash — готовая аналитика для e-commerce,omnidash,"Реклама, продажи и расходы в одном дашборде. Видите не только выручку, но и реальную прибыль.",,,,,,,,"{""icon"":""📊"",""order"":0,""featured"":true}"
jtz4hoaXAenMcB4qySFv8m,service,ru,Дашборды на заказ,dashboards,"Собираю кастомные дашборды под вашу бизнес-модель: Power BI, Looker Studio, Tableau.",,,,,,,,"{""icon"":""📊"",""order"":3,""featured"":false}"
jtz4hoaXAenMcB4qySFvH6,service,ru,Консалтинг и обучение,consulting,"Помогаю разобраться в аналитике, настроить процессы или обучить команду работе с данными.",,,,,,,,"{""icon"":""📊"",""order"":4,""featured"":false}"
fff123b0-2b40-4f45-8350-76f15a5d8475,blogPost,ru,111,blog11,test,12345,test-blog,test-blog,,,,"{""image"":null,""type"":""article"",""publishedTime"":""2026-03-29T19:11:00.000Z""}","{""tags"":[""blog-tag""],""author"":""Pavlo Mytsyk"",""publishedAt"":""2026-03-29T19:11:00.000Z""}"
H8rzDM7imABUnWcWNGpKZC,faq,ru,Безопасно ли давать доступы?,,"Да. Мы запрашиваем доступы по принципу минимально необходимого и, где возможно, работаем в режиме чтения. Заранее согласовываем, какие именно доступы нужны.",,,,,,,,"{""category"":""omnidash"",""order"":0}"
H8rzDM7imABUnWcWNGpKgs,faq,ru,Что я получаю: просто дашборд или ещё и настройку?,,"Настроенную систему: подключение источников, логику расчёта показателей, дашборд и передачу в работу. Не просто красивый отчёт.",,,,,,,,"{""category"":""omnidash"",""order"":2}"
H8rzDM7imABUnWcWNGpKoY,faq,ru,Сколько времени занимает запуск?,,Обычно от нескольких дней до 1–2 недель — в зависимости от количества источников и качества исходных данных.,,,,,,,,"{""category"":""omnidash"",""order"":4}"
H8rzDM7imABUnWcWNGpKwE,faq,ru,"Если у меня нет CRM или идеального учёта расходов, можно стартовать?",,Да. Начинаем с упрощённой модели и постепенно улучшаем точность по мере подключения новых данных.,,,,,,,,"{""category"":""omnidash"",""order"":5}"
H8rzDM7imABUnWcWNGpL9f,faq,ua,У мене невеликий магазин. Це для мене?,,"Так. Для малого e-commerce OmniDash особливо корисний: коли рекламний бюджет обмежений, помилка в аналітиці коштує дорожче.",,,,,,,,"{""category"":""omnidash"",""order"":1}"
H8rzDM7imABUnWcWNGpLSr,faq,ua,Кому належать дані та дашборд?,,Дані клієнта залишаються даними клієнта. Формат доступу і володіння визначається обраним пакетом роботи.,,,,,,,,"{""category"":""omnidash"",""order"":7}"
H8rzDM7imABUnWcWNGpLaX,faq,ro,Am un magazin mic. Este potrivit și pentru mine?,,"Da. Tocmai pentru e-commerce-ul mic OmniDash este foarte util: când bugetul de reclamă este limitat, o greșeală în analytics costă mai mult.",,,,,,,,"{""category"":""omnidash"",""order"":1}"
H8rzDM7imABUnWcWNGpM3K,faq,ro,Ce aveți nevoie de la mine la început?,,"Un brief scurt, acces la sistemele necesare și informații despre modelul de costuri: costul produsului, livrare, comisioane.",,,,,,,,"{""category"":""omnidash"",""order"":6}"
H8rzDM7imABUnWcWNGpMGl,faq,ro,Cui aparțin datele și dashboard-ul?,,Datele clientului rămân ale clientului. Formatul de acces și ownership se definește în funcție de pachetul ales.,,,,,,,,"{""category"":""omnidash"",""order"":7}"
UhtN6rPJaY2J3E22gNazAa,faq,ru,Что нужно от меня на старте?,,"Короткий бриф, доступы к нужным системам и информация о модели расходов: себестоимость, доставка, комиссии.",,,,,,,,"{""category"":""omnidash"",""order"":6}"
UhtN6rPJaY2J3E22gNazY8,faq,ua,Чим це краще за вбудовану аналітику в Shopify / Meta Ads?,,Вбудовані кабінети показують лише свою частину. OmniDash дає цілісну картину: реклама + продажі + витрати + чистий результат.,,,,,,,,"{""category"":""omnidash"",""order"":3}"
UhtN6rPJaY2J3E22gNazhY,faq,ua,Скільки часу займає запуск?,,Зазвичай від кількох днів до 1–2 тижнів — залежно від кількості джерел і якості вихідних даних.,,,,,,,,"{""category"":""omnidash"",""order"":4}"
UhtN6rPJaY2J3E22gNazvg,faq,ro,Ce primesc: doar un dashboard sau și configurarea?,,"Un sistem configurat: conectarea surselor, logica indicatorilor, dashboard-ul și transferul în lucru. Nu doar un raport frumos.",,,,,,,,"{""category"":""omnidash"",""order"":2}"
UhtN6rPJaY2J3E22gNb09o,faq,ro,Cu ce este mai bun decât analytics-ul din Shopify / Meta Ads?,,Dashboard-urile standard arată doar partea lor. OmniDash oferă imaginea completă: reclamă + vânzări + cheltuieli + rezultat net.,,,,,,,,"{""category"":""omnidash"",""order"":3}"
c2738964-9e4c-43c7-ac5a-3d23451c43a7,faq,ru,Тестовый вопрос,,Тестовый ответ,,,,,,,,"{""category"":""general"",""order"":0}"
jtz4hoaXAenMcB4qySFz8N,faq,ru,У меня небольшой магазин. Это для меня?,,"Да. Дф. Дааа. Для малого e-commerce OmniDash особенно полезен: когда рекламный бюджет ограничен, ошибка в аналитике стоит дороже.",,,,,,,,"{""category"":""omnidash"",""order"":1}"
jtz4hoaXAenMcB4qySFzGh,faq,ru,Чем это лучше встроенной аналитики в Shopify / Meta Ads?,,Встроенные кабинеты показывают только свою часть. OmniDash даёт целостную картину: реклама + продажи + расходы + чистый результат.,,,,,,,,"{""category"":""omnidash"",""order"":3}"
jtz4hoaXAenMcB4qySFzbV,faq,ru,Кому принадлежат данные и дашборд?,,Данные клиента остаются данными клиента. Формат доступа и владения определяется выбранным пакетом работы.,,,,,,,,"{""category"":""omnidash"",""order"":7}"
jtz4hoaXAenMcB4qySFzjp,faq,ua,Чи безпечно давати вам доступи?,,"Так. Ми запитуємо доступи за принципом мінімально необхідного і, де можливо, працюємо в режимі читання. Заздалегідь погоджуємо, які саме доступи потрібні.",,,,,,,,"{""category"":""omnidash"",""order"":0}"
jtz4hoaXAenMcB4qySFzs9,faq,ua,Що я отримую: просто дашборд чи ще й налаштування?,,"Налаштовану систему: підключення джерел, логіку розрахунку показників, дашборд і передачу в роботу. Не просто гарний звіт.",,,,,,,,"{""category"":""omnidash"",""order"":2}"
jtz4hoaXAenMcB4qySG0Cx,faq,ua,"Якщо в мене немає CRM або ідеального обліку витрат, можна стартувати?",,Так. Починаємо зі спрощеної моделі й поступово покращуємо точність у міру підключення нових даних.,,,,,,,,"{""category"":""omnidash"",""order"":5}"
jtz4hoaXAenMcB4qySG0LH,faq,ua,Що потрібно від мене на старті?,,"Короткий бриф, доступи до потрібних систем і інформація про модель витрат: собівартість, доставка, комісії.",,,,,,,,"{""category"":""omnidash"",""order"":6}"
jtz4hoaXAenMcB4qySG0Zq,faq,ro,Este sigur să vă ofer acces?,,"Da. Solicităm acces după principiul minimului necesar și, acolo unde este posibil, lucrăm în regim read-only. Stabilim din start ce tip de acces este necesar.",,,,,,,,"{""category"":""omnidash"",""order"":0}"
jtz4hoaXAenMcB4qySG0ue,faq,ro,Cât durează lansarea?,,"De obicei de la câteva zile până la 1–2 săptămâni, în funcție de numărul surselor și calitatea datelor inițiale.",,,,,,,,"{""category"":""omnidash"",""order"":4}"
jtz4hoaXAenMcB4qySG19D,faq,ro,"Dacă nu am CRM sau o evidență perfectă a costurilor, putem începe?",,Da. Începem cu un model simplificat și îmbunătățim treptat precizia pe măsură ce conectăm surse noi.,,,,,,,,"{""category"":""omnidash"",""order"":5}"
H8rzDM7imABUnWcWNGpIpi,omnidashBlock,ru,pricing,,,"{""note"":""Все цены в EUR. Настройка оплачивается один раз при старте."",""plans"":[{""cta"":""Начать"",""highlighted"":false,""items"":[""Подключение рекламных источников"",""Интеграция платформы продаж"",""Сборка дашборда в Looker Studio"",""Модель чистой прибыли"",""Передача и объяснение""],""label"":""Настройка"",""note"":""Оплачивается один раз при старте"",""period"":""единоразово"",""price"":""€99""},{""cta"":""Подключиться"",""highlighted"":true,""items"":[""Поддержание работы интеграций"",""Обновление дашборда при изменениях"",""Ответы на вопросы по данным"",""Мелкие доработки по запросу""],""label"":""Подписка"",""note"":""Поддержка и актуальность системы"",""period"":""в месяц"",""price"":""€49""},{""cta"":""Узнать подробнее"",""highlighted"":false,""items"":[""Еженедельный разбор рекламных кампаний"",""Рекомендации по оптимизации"",""Анализ ROAS / ROI по каналам"",""Выявление неэффективных кампаний""],""label"":""Аудит кампаний"",""note"":""4 разбора в месяц, 1 раз в неделю"",""period"":""в месяц"",""price"":""€150""}],""subtitle"":""Прозрачная цена без скрытых платежей."",""title"":""Стоимость""}",,,,,"{""note"":""Все цены в EUR. Настройка оплачивается один раз при старте."",""plans"":[{""cta"":""Начать"",""highlighted"":false,""items"":[""Подключение рекламных источников"",""Интеграция платформы продаж"",""Сборка дашборда в Looker Studio"",""Модель чистой прибыли"",""Передача и объяснение""],""label"":""Настройка"",""note"":""Оплачивается один раз при старте"",""period"":""единоразово"",""price"":""€99""},{""cta"":""Подключиться"",""highlighted"":true,""items"":[""Поддержание работы интеграций"",""Обновление дашборда при изменениях"",""Ответы на вопросы по данным"",""Мелкие доработки по запросу""],""label"":""Подписка"",""note"":""Поддержка и актуальность системы"",""period"":""в месяц"",""price"":""€49""},{""cta"":""Узнать подробнее"",""highlighted"":false,""items"":[""Еженедельный разбор рекламных кампаний"",""Рекомендации по оптимизации"",""Анализ ROAS / ROI по каналам"",""Выявление неэффективных кампаний""],""label"":""Аудит кампаний"",""note"":""4 разбора в месяц, 1 раз в неделю"",""period"":""в месяц"",""price"":""€150""}],""subtitle"":""Прозрачная цена без скрытых платежей."",""title"":""Стоимость""}",,"{""blockType"":""pricing"",""order"":4}"
H8rzDM7imABUnWcWNGpKRW,omnidashBlock,ro,pricing,,,"{""note"":""Toate prețurile în EUR. Configurarea se plătește o singură dată la start."",""plans"":[{""cta"":""Începe"",""highlighted"":false,""items"":[""Conectarea surselor de publicitate"",""Integrarea platformei de vânzări"",""Construirea dashboard-ului în Looker Studio"",""Model de profit net"",""Predare și explicații""],""label"":""Configurare"",""note"":""Se plătește o dată la start"",""period"":""o singură dată"",""price"":""€99""},{""cta"":""Abonează-te"",""highlighted"":true,""items"":[""Menținerea integrărilor funcționale"",""Actualizarea dashboard-ului la modificări"",""Răspunsuri la întrebări despre date"",""Ajustări minore la cerere""],""label"":""Abonament"",""note"":""Suport și menținerea sistemului"",""period"":""pe lună"",""price"":""€49""},{""cta"":""Află mai multe"",""highlighted"":false,""items"":[""Analiză săptămânală a campaniilor"",""Recomandări de optimizare"",""Analiză ROAS / ROI pe canale"",""Identificarea campaniilor ineficiente""],""label"":""Audit campanii"",""note"":""4 analize pe lună, 1 pe săptămână"",""period"":""pe lună"",""price"":""€150""}],""subtitle"":""Preț transparent, fără plăți ascunse."",""title"":""Prețuri""}",,,,,"{""note"":""Toate prețurile în EUR. Configurarea se plătește o singură dată la start."",""plans"":[{""cta"":""Începe"",""highlighted"":false,""items"":[""Conectarea surselor de publicitate"",""Integrarea platformei de vânzări"",""Construirea dashboard-ului în Looker Studio"",""Model de profit net"",""Predare și explicații""],""label"":""Configurare"",""note"":""Se plătește o dată la start"",""period"":""o singură dată"",""price"":""€99""},{""cta"":""Abonează-te"",""highlighted"":true,""items"":[""Menținerea integrărilor funcționale"",""Actualizarea dashboard-ului la modificări"",""Răspunsuri la întrebări despre date"",""Ajustări minore la cerere""],""label"":""Abonament"",""note"":""Suport și menținerea sistemului"",""period"":""pe lună"",""price"":""€49""},{""cta"":""Află mai multe"",""highlighted"":false,""items"":[""Analiză săptămânală a campaniilor"",""Recomandări de optimizare"",""Analiză ROAS / ROI pe canale"",""Identificarea campaniilor ineficiente""],""label"":""Audit campanii"",""note"":""4 analize pe lună, 1 pe săptămână"",""period"":""pe lună"",""price"":""€150""}],""subtitle"":""Preț transparent, fără plăți ascunse."",""title"":""Prețuri""}",,"{""blockType"":""pricing"",""order"":4}"
H8rzDM7imABUnWcWNHI6Ga,omnidashBlock,ru,ctaBottom,,,"{""ctaPrimary"":""Обсудить в Telegram"",""ctaSecondary"":""Написать на Email"",""subtitle"":""Подключим рекламу, продажи и расходы в одну систему — чтобы вы видели не просто оборот, а чистую картину бизнеса."",""title"":""Перестаньте смотреть на выручку вслепую""}",,,,,"{""ctaPrimary"":""Обсудить в Telegram"",""ctaSecondary"":""Написать на Email"",""subtitle"":""Подключим рекламу, продажи и расходы в одну систему — чтобы вы видели не просто оборот, а чистую картину бизнеса."",""title"":""Перестаньте смотреть на выручку вслепую""}",,"{""blockType"":""ctaBottom"",""order"":5}"
UhtN6rPJaY2J3E22gNawMK,omnidashBlock,ru,hero,,,"{""badge"":""Аналитика для e-commerce"",""ctaPrimary"":""Обсудить в Telegram"",""ctaSecondary"":""Смотреть демо"",""stats"":[{""label"":""до запуска"",""value"":""1–2 нед""},{""label"":""подписка"",""value"":""€49/мес""},{""label"":""настройка"",""value"":""€99""}],""subtitle"":""OmniDash собирает рекламу, продажи и расходы в один понятный дашборд — чтобы вы быстро видели, что работает, а что сжигает бюджет."",""title"":""Видите выручку. Но не видите прибыль.""}",,,,,"{""badge"":""Аналитика для e-commerce"",""ctaPrimary"":""Обсудить в Telegram"",""ctaSecondary"":""Смотреть демо"",""stats"":[{""label"":""до запуска"",""value"":""1–2 нед""},{""label"":""подписка"",""value"":""€49/мес""},{""label"":""настройка"",""value"":""€99""}],""subtitle"":""OmniDash собирает рекламу, продажи и расходы в один понятный дашборд — чтобы вы быстро видели, что работает, а что сжигает бюджет."",""title"":""Видите выручку. Но не видите прибыль.""}",,"{""blockType"":""hero"",""order"":0}"
UhtN6rPJaY2J3E22gNawVk,omnidashBlock,ru,features,,,"{""advanced"":[""Когортный анализ и повторные покупки"",""Анализ воронки и брошенных корзин"",""Алерты по проблемным зонам"",""BigQuery / DWH setup"",""Доработка под вашу бизнес-модель""],""advancedTitle"":""Дополнительно / по запросу"",""features"":[{""text"":""Looker Studio дашборд с ключевыми KPI: выручка, расходы на рекламу, ROAS / ROI, чистый результат, динамика по дням и каналам."",""title"":""Единый бизнес-дашборд""},{""text"":""Подключаем Meta Ads, Google Ads и другие кабинеты. Все расходы, клики и конверсии — в одном месте."",""title"":""Интеграция рекламных источников""},{""text"":""Shopify, WooCommerce, eMAG или другой согласованный источник продаж в рамках выбранного пакета."",""title"":""Интеграция магазина / платформы""},{""text"":""Учитываем не только выручку, но и себестоимость, доставку, комиссии, возвраты и налоги."",""title"":""Модель чистой прибыли""},{""text"":""Видите, какие кампании, объявления или группы товаров работают лучше всего — и где нужно остановить слив."",""title"":""Детализация до кампании""},{""text"":""В дашборде всегда видно, когда данные обновлялись в последний раз. Решения на основе свежей картины."",""title"":""Актуальность данных""}],""subtitle"":""Готовая система, а не просто красивый отчёт."",""title"":""Что входит в OmniDash""}",,,,,"{""advanced"":[""Когортный анализ и повторные покупки"",""Анализ воронки и брошенных корзин"",""Алерты по проблемным зонам"",""BigQuery / DWH setup"",""Доработка под вашу бизнес-модель""],""advancedTitle"":""Дополнительно / по запросу"",""features"":[{""text"":""Looker Studio дашборд с ключевыми KPI: выручка, расходы на рекламу, ROAS / ROI, чистый результат, динамика по дням и каналам."",""title"":""Единый бизнес-дашборд""},{""text"":""Подключаем Meta Ads, Google Ads и другие кабинеты. Все расходы, клики и конверсии — в одном месте."",""title"":""Интеграция рекламных источников""},{""text"":""Shopify, WooCommerce, eMAG или другой согласованный источник продаж в рамках выбранного пакета."",""title"":""Интеграция магазина / платформы""},{""text"":""Учитываем не только выручку, но и себестоимость, доставку, комиссии, возвраты и налоги."",""title"":""Модель чистой прибыли""},{""text"":""Видите, какие кампании, объявления или группы товаров работают лучше всего — и где нужно остановить слив."",""title"":""Детализация до кампании""},{""text"":""В дашборде всегда видно, когда данные обновлялись в последний раз. Решения на основе свежей картины."",""title"":""Актуальность данных""}],""subtitle"":""Готовая система, а не просто красивый отчёт."",""title"":""Что входит в OmniDash""}",,"{""blockType"":""features"",""order"":2}"
UhtN6rPJaY2J3E22gNaxgk,omnidashBlock,ua,hero,,,"{""badge"":""Аналітика для e-commerce"",""ctaPrimary"":""Обговорити в Telegram"",""ctaSecondary"":""Дивитись демо"",""stats"":[{""label"":""до запуску"",""value"":""1–2 тиж""},{""label"":""підписка"",""value"":""€49/міс""},{""label"":""налаштування"",""value"":""€99""}],""subtitle"":""OmniDash збирає рекламу, продажі та витрати в один зрозумілий дашборд — щоб ви швидко бачили, що працює, а що спалює бюджет."",""title"":""Бачите виручку. Але не бачите прибуток.""}",,,,,"{""badge"":""Аналітика для e-commerce"",""ctaPrimary"":""Обговорити в Telegram"",""ctaSecondary"":""Дивитись демо"",""stats"":[{""label"":""до запуску"",""value"":""1–2 тиж""},{""label"":""підписка"",""value"":""€49/міс""},{""label"":""налаштування"",""value"":""€99""}],""subtitle"":""OmniDash збирає рекламу, продажі та витрати в один зрозумілий дашборд — щоб ви швидко бачили, що працює, а що спалює бюджет."",""title"":""Бачите виручку. Але не бачите прибуток.""}",,"{""blockType"":""hero"",""order"":0}"
UhtN6rPJaY2J3E22gO8b5W,omnidashBlock,ru,painPoints,,,"{""pains"":[{""text"":""Деньги уходят в Meta и Google, но какие кампании реально окупаются — неизвестно."",""title"":""Реклама тратит, но непонятно что приносит""},{""text"":""Meta Ads, Google Ads, CRM и магазин показывают разное. Непонятно, кому верить."",""title"":""Разные кабинеты — разные цифры""},{""text"":""После комиссий, доставки, возвратов и себестоимости оказывается, что зарабатываете гораздо меньше."",""title"":""Выручка есть, прибыли нет""},{""text"":""Вместо управления бизнесом — перенос цифр из кабинетов в таблицы. Каждую неделю."",""title"":""Часы на ручную сборку отчётов""},{""text"":""Реклама ушла в минус неделю назад, а вы узнали только сейчас. Бюджет уже потрачен."",""title"":""Узнаёте о проблемах слишком поздно""},{""text"":""Продажи, реклама, расходы и прибыль — в разных системах. Целостной картины нет."",""title"":""Нет единой картины бизнеса""}],""subtitle"":""Типичные проблемы малого e-commerce, которые решает OmniDash."",""title"":""Узнаёте себя?""}",,,,,"{""pains"":[{""text"":""Деньги уходят в Meta и Google, но какие кампании реально окупаются — неизвестно."",""title"":""Реклама тратит, но непонятно что приносит""},{""text"":""Meta Ads, Google Ads, CRM и магазин показывают разное. Непонятно, кому верить."",""title"":""Разные кабинеты — разные цифры""},{""text"":""После комиссий, доставки, возвратов и себестоимости оказывается, что зарабатываете гораздо меньше."",""title"":""Выручка есть, прибыли нет""},{""text"":""Вместо управления бизнесом — перенос цифр из кабинетов в таблицы. Каждую неделю."",""title"":""Часы на ручную сборку отчётов""},{""text"":""Реклама ушла в минус неделю назад, а вы узнали только сейчас. Бюджет уже потрачен."",""title"":""Узнаёте о проблемах слишком поздно""},{""text"":""Продажи, реклама, расходы и прибыль — в разных системах. Целостной картины нет."",""title"":""Нет единой картины бизнеса""}],""subtitle"":""Типичные проблемы малого e-commerce, которые решает OmniDash."",""title"":""Узнаёте себя?""}",,"{""blockType"":""painPoints"",""order"":1}"
UhtN6rPJaY2J3E22gO8bM0,omnidashBlock,ua,painPoints,,,"{""pains"":[{""text"":""Гроші йдуть у Meta і Google, але які кампанії реально окупаються — невідомо."",""title"":""Реклама витрачає, але незрозуміло що приносить""},{""text"":""Meta Ads, Google Ads, CRM і магазин показують різне. Незрозуміло, кому вірити."",""title"":""Різні кабінети — різні цифри""},{""text"":""Після комісій, доставки, повернень і собівартості виявляється, що заробляєте значно менше."",""title"":""Виручка є, прибутку немає""},{""text"":""Замість управління бізнесом — перенесення цифр із кабінетів у таблиці. Щотижня."",""title"":""Години на ручне складання звітів""},{""text"":""Реклама пішла в мінус тиждень тому, а ви дізналися тільки зараз. Бюджет вже витрачено."",""title"":""Дізнаєтесь про проблеми надто пізно""},{""text"":""Продажі, реклама, витрати та прибуток — у різних системах. Цілісної картини немає."",""title"":""Немає єдиної картини бізнесу""}],""subtitle"":""Типові проблеми малого e-commerce, які вирішує OmniDash."",""title"":""Впізнаєте себе?""}",,,,,"{""pains"":[{""text"":""Гроші йдуть у Meta і Google, але які кампанії реально окупаються — невідомо."",""title"":""Реклама витрачає, але незрозуміло що приносить""},{""text"":""Meta Ads, Google Ads, CRM і магазин показують різне. Незрозуміло, кому вірити."",""title"":""Різні кабінети — різні цифри""},{""text"":""Після комісій, доставки, повернень і собівартості виявляється, що заробляєте значно менше."",""title"":""Виручка є, прибутку немає""},{""text"":""Замість управління бізнесом — перенесення цифр із кабінетів у таблиці. Щотижня."",""title"":""Години на ручне складання звітів""},{""text"":""Реклама пішла в мінус тиждень тому, а ви дізналися тільки зараз. Бюджет вже витрачено."",""title"":""Дізнаєтесь про проблеми надто пізно""},{""text"":""Продажі, реклама, витрати та прибуток — у різних системах. Цілісної картини немає."",""title"":""Немає єдиної картини бізнесу""}],""subtitle"":""Типові проблеми малого e-commerce, які вирішує OmniDash."",""title"":""Впізнаєте себе?""}",,"{""blockType"":""painPoints"",""order"":1}"
UhtN6rPJaY2J3E22gO8bhC,omnidashBlock,ua,ctaBottom,,,"{""ctaPrimary"":""Обговорити в Telegram"",""ctaSecondary"":""Написати на Email"",""subtitle"":""Підключимо рекламу, продажі та витрати в одну систему — щоб ви бачили не просто оборот, а чисту картину бізнесу."",""title"":""Перестаньте дивитися на виручку навмання""}",,,,,"{""ctaPrimary"":""Обговорити в Telegram"",""ctaSecondary"":""Написати на Email"",""subtitle"":""Підключимо рекламу, продажі та витрати в одну систему — щоб ви бачили не просто оборот, а чисту картину бізнесу."",""title"":""Перестаньте дивитися на виручку навмання""}",,"{""blockType"":""ctaBottom"",""order"":5}"
UhtN6rPJaY2J3E22gO8bxg,omnidashBlock,ro,howItWorks,,,"{""steps"":[{""number"":""01"",""text"":""Înțelegem modelul tău de business, canalele de vânzări și publicitate. Stabilim ce cifre sunt cele mai importante pentru tine."",""title"":""Audit scurt""},{""number"":""02"",""text"":""Conectăm conturile de advertising și sursa de vânzări. Setăm colectarea datelor și logica de bază a calculelor."",""title"":""Conectarea surselor""},{""number"":""03"",""text"":""Construim dashboard-ul tău, setăm KPI-urile cheie, profitabilitatea și segmentele necesare pentru management."",""title"":""Construirea OmniDash""},{""number"":""04"",""text"":""Primești linkul către dashboard, o explicație despre cum se citesc cifrele și un scenariu de utilizare zilnică."",""title"":""Lansare și predare""}],""subtitle"":""De la prima discuție până la dashboard-ul gata — 4 pași."",""title"":""Cum funcționează""}",,,,,"{""steps"":[{""number"":""01"",""text"":""Înțelegem modelul tău de business, canalele de vânzări și publicitate. Stabilim ce cifre sunt cele mai importante pentru tine."",""title"":""Audit scurt""},{""number"":""02"",""text"":""Conectăm conturile de advertising și sursa de vânzări. Setăm colectarea datelor și logica de bază a calculelor."",""title"":""Conectarea surselor""},{""number"":""03"",""text"":""Construim dashboard-ul tău, setăm KPI-urile cheie, profitabilitatea și segmentele necesare pentru management."",""title"":""Construirea OmniDash""},{""number"":""04"",""text"":""Primești linkul către dashboard, o explicație despre cum se citesc cifrele și un scenariu de utilizare zilnică."",""title"":""Lansare și predare""}],""subtitle"":""De la prima discuție până la dashboard-ul gata — 4 pași."",""title"":""Cum funcționează""}",,"{""blockType"":""howItWorks"",""order"":3}"
UhtN6rPJaY2J3E22gO8c76,omnidashBlock,ro,ctaBottom,,,"{""ctaPrimary"":""Discută pe Telegram"",""ctaSecondary"":""Scrie pe Email"",""subtitle"":""Conectăm reclama, vânzările și cheltuielile într-un singur sistem — ca să vezi nu doar cifra de afaceri, ci imaginea reală a business-ului."",""title"":""Nu mai privi venitul „în orb\""""}",,,,,"{""ctaPrimary"":""Discută pe Telegram"",""ctaSecondary"":""Scrie pe Email"",""subtitle"":""Conectăm reclama, vânzările și cheltuielile într-un singur sistem — ca să vezi nu doar cifra de afaceri, ci imaginea reală a business-ului."",""title"":""Nu mai privi venitul „în orb\""""}",,"{""blockType"":""ctaBottom"",""order"":5}"
jtz4hoaXAenMcB4qySFxck,omnidashBlock,ua,features,,,"{""advanced"":[""Когортний аналіз і повторні покупки"",""Аналіз воронки та покинутих кошиків"",""Алерти по проблемних зонах"",""BigQuery / DWH setup"",""Доопрацювання під вашу бізнес-модель""],""advancedTitle"":""Додатково / за запитом"",""features"":[{""text"":""Looker Studio дашборд із ключовими KPI: виручка, витрати на рекламу, ROAS / ROI, чистий результат, динаміка за днями та каналами."",""title"":""Єдиний бізнес-дашборд""},{""text"":""Підключаємо Meta Ads, Google Ads та інші кабінети. Всі витрати, кліки та конверсії — в одному місці."",""title"":""Інтеграція рекламних джерел""},{""text"":""Shopify, WooCommerce, eMAG або інше погоджене джерело продажів у межах обраного пакета."",""title"":""Інтеграція магазину / платформи""},{""text"":""Враховуємо не лише виручку, а й собівартість, доставку, комісії, повернення та податки."",""title"":""Модель чистого прибутку""},{""text"":""Бачите, які кампанії, оголошення або групи товарів працюють найкраще — і де потрібно зупинити злив."",""title"":""Деталізація до кампанії""},{""text"":""У дашборді завжди видно, коли дані оновлювалися востаннє. Рішення на основі свіжої картини."",""title"":""Актуальність даних""}],""subtitle"":""Готова система, а не просто гарний звіт."",""title"":""Що входить в OmniDash""}",,,,,"{""advanced"":[""Когортний аналіз і повторні покупки"",""Аналіз воронки та покинутих кошиків"",""Алерти по проблемних зонах"",""BigQuery / DWH setup"",""Доопрацювання під вашу бізнес-модель""],""advancedTitle"":""Додатково / за запитом"",""features"":[{""text"":""Looker Studio дашборд із ключовими KPI: виручка, витрати на рекламу, ROAS / ROI, чистий результат, динаміка за днями та каналами."",""title"":""Єдиний бізнес-дашборд""},{""text"":""Підключаємо Meta Ads, Google Ads та інші кабінети. Всі витрати, кліки та конверсії — в одному місці."",""title"":""Інтеграція рекламних джерел""},{""text"":""Shopify, WooCommerce, eMAG або інше погоджене джерело продажів у межах обраного пакета."",""title"":""Інтеграція магазину / платформи""},{""text"":""Враховуємо не лише виручку, а й собівартість, доставку, комісії, повернення та податки."",""title"":""Модель чистого прибутку""},{""text"":""Бачите, які кампанії, оголошення або групи товарів працюють найкраще — і де потрібно зупинити злив."",""title"":""Деталізація до кампанії""},{""text"":""У дашборді завжди видно, коли дані оновлювалися востаннє. Рішення на основі свіжої картини."",""title"":""Актуальність даних""}],""subtitle"":""Готова система, а не просто гарний звіт."",""title"":""Що входить в OmniDash""}",,"{""blockType"":""features"",""order"":2}"
jtz4hoaXAenMcB4qySFxzd,omnidashBlock,ua,pricing,,,"{""note"":""Всі ціни в EUR. Налаштування оплачується один раз при старті."",""plans"":[{""cta"":""Почати"",""highlighted"":false,""items"":[""Підключення рекламних джерел"",""Інтеграція платформи продажів"",""Збірка дашборду в Looker Studio"",""Модель чистого прибутку"",""Передача і пояснення""],""label"":""Налаштування"",""note"":""Оплачується один раз при старті"",""period"":""одноразово"",""price"":""€99""},{""cta"":""Підключитися"",""highlighted"":true,""items"":[""Підтримання роботи інтеграцій"",""Оновлення дашборду при змінах"",""Відповіді на питання по даних"",""Дрібні доопрацювання за запитом""],""label"":""Підписка"",""note"":""Підтримка та актуальність системи"",""period"":""на місяць"",""price"":""€49""},{""cta"":""Дізнатися більше"",""highlighted"":false,""items"":[""Щотижневий розбір рекламних кампаній"",""Рекомендації з оптимізації"",""Аналіз ROAS / ROI по каналах"",""Виявлення неефективних кампаній""],""label"":""Аудит кампаній"",""note"":""4 розбори на місяць, 1 раз на тиждень"",""period"":""на місяць"",""price"":""€150""}],""subtitle"":""Прозора ціна без прихованих платежів."",""title"":""Вартість""}",,,,,"{""note"":""Всі ціни в EUR. Налаштування оплачується один раз при старті."",""plans"":[{""cta"":""Почати"",""highlighted"":false,""items"":[""Підключення рекламних джерел"",""Інтеграція платформи продажів"",""Збірка дашборду в Looker Studio"",""Модель чистого прибутку"",""Передача і пояснення""],""label"":""Налаштування"",""note"":""Оплачується один раз при старті"",""period"":""одноразово"",""price"":""€99""},{""cta"":""Підключитися"",""highlighted"":true,""items"":[""Підтримання роботи інтеграцій"",""Оновлення дашборду при змінах"",""Відповіді на питання по даних"",""Дрібні доопрацювання за запитом""],""label"":""Підписка"",""note"":""Підтримка та актуальність системи"",""period"":""на місяць"",""price"":""€49""},{""cta"":""Дізнатися більше"",""highlighted"":false,""items"":[""Щотижневий розбір рекламних кампаній"",""Рекомендації з оптимізації"",""Аналіз ROAS / ROI по каналах"",""Виявлення неефективних кампаній""],""label"":""Аудит кампаній"",""note"":""4 розбори на місяць, 1 раз на тиждень"",""period"":""на місяць"",""price"":""€150""}],""subtitle"":""Прозора ціна без прихованих платежів."",""title"":""Вартість""}",,"{""blockType"":""pricing"",""order"":4}"
jtz4hoaXAenMcB4qySFyEC,omnidashBlock,ro,hero,,,"{""badge"":""Analytics pentru e-commerce"",""ctaPrimary"":""Discută pe Telegram"",""ctaSecondary"":""Vezi demo"",""stats"":[{""label"":""până la lansare"",""value"":""1–2 săpt""},{""label"":""abonament"",""value"":""€49/lună""},{""label"":""configurare"",""value"":""€99""}],""subtitle"":""OmniDash adună reclama, vânzările și cheltuielile într-un singur dashboard clar — ca să vezi rapid ce funcționează și ce consumă bugetul."",""title"":""Vezi venitul. Dar nu vezi profitul.""}",,,,,"{""badge"":""Analytics pentru e-commerce"",""ctaPrimary"":""Discută pe Telegram"",""ctaSecondary"":""Vezi demo"",""stats"":[{""label"":""până la lansare"",""value"":""1–2 săpt""},{""label"":""abonament"",""value"":""€49/lună""},{""label"":""configurare"",""value"":""€99""}],""subtitle"":""OmniDash adună reclama, vânzările și cheltuielile într-un singur dashboard clar — ca să vezi rapid ce funcționează și ce consumă bugetul."",""title"":""Vezi venitul. Dar nu vezi profitul.""}",,"{""blockType"":""hero"",""order"":0}"
jtz4hoaXAenMcB4qySFyQg,omnidashBlock,ro,features,,,"{""advanced"":[""Analiză cohortă și cumpărări repetate"",""Analiză de funnel și coșuri abandonate"",""Alerte pentru zonele problematice"",""BigQuery / DWH setup"",""Adaptare la modelul tău de business""],""advancedTitle"":""Suplimentar / la cerere"",""features"":[{""text"":""Dashboard Looker Studio cu KPI esențiali: venit, cheltuieli de publicitate, ROAS / ROI, rezultat net, dinamică pe zile și canale."",""title"":""Dashboard unic de business""},{""text"":""Conectăm Meta Ads, Google Ads și alte conturi. Toate costurile, clickurile și conversiile — într-un singur loc."",""title"":""Integrarea surselor de publicitate""},{""text"":""Shopify, WooCommerce, eMAG sau altă sursă de vânzări agreată, în funcție de pachetul ales."",""title"":""Integrarea magazinului / platformei""},{""text"":""Luăm în calcul nu doar venitul, ci și costul produsului, livrarea, comisioanele, retururile și taxele."",""title"":""Model de profit net""},{""text"":""Vezi ce campanii, anunțuri sau grupe de produse funcționează cel mai bine — și unde trebuie să oprești risipa."",""title"":""Detaliere până la campanie""},{""text"":""În dashboard se vede mereu când datele au fost actualizate ultima dată. Decizii pe baza unei imagini recente."",""title"":""Actualitatea datelor""}],""subtitle"":""Un sistem gata, nu doar un raport frumos."",""title"":""Ce include OmniDash""}",,,,,"{""advanced"":[""Analiză cohortă și cumpărări repetate"",""Analiză de funnel și coșuri abandonate"",""Alerte pentru zonele problematice"",""BigQuery / DWH setup"",""Adaptare la modelul tău de business""],""advancedTitle"":""Suplimentar / la cerere"",""features"":[{""text"":""Dashboard Looker Studio cu KPI esențiali: venit, cheltuieli de publicitate, ROAS / ROI, rezultat net, dinamică pe zile și canale."",""title"":""Dashboard unic de business""},{""text"":""Conectăm Meta Ads, Google Ads și alte conturi. Toate costurile, clickurile și conversiile — într-un singur loc."",""title"":""Integrarea surselor de publicitate""},{""text"":""Shopify, WooCommerce, eMAG sau altă sursă de vânzări agreată, în funcție de pachetul ales."",""title"":""Integrarea magazinului / platformei""},{""text"":""Luăm în calcul nu doar venitul, ci și costul produsului, livrarea, comisioanele, retururile și taxele."",""title"":""Model de profit net""},{""text"":""Vezi ce campanii, anunțuri sau grupe de produse funcționează cel mai bine — și unde trebuie să oprești risipa."",""title"":""Detaliere până la campanie""},{""text"":""În dashboard se vede mereu când datele au fost actualizate ultima dată. Decizii pe baza unei imagini recente."",""title"":""Actualitatea datelor""}],""subtitle"":""Un sistem gata, nu doar un raport frumos."",""title"":""Ce include OmniDash""}",,"{""blockType"":""features"",""order"":2}"
jtz4hoaXAenMcB4qySmZJ3,omnidashBlock,ru,howItWorks,,,"{""steps"":[{""number"":""01"",""text"":""Разбираемся в вашей модели бизнеса, каналах продаж и рекламы. Определяем, какие цифры для вас самые важные."",""title"":""Короткий аудит""},{""number"":""02"",""text"":""Подключаем рекламные кабинеты и источник продаж. Настраиваем сбор данных и базовую логику расчётов."",""title"":""Подключение источников""},{""number"":""03"",""text"":""Собираем ваш дашборд, настраиваем ключевые KPI, прибыльность и нужные срезы для управления бизнесом."",""title"":""Сборка OmniDash""},{""number"":""04"",""text"":""Вы получаете ссылку на дашборд, объяснение по чтению цифр и сценарий использования в ежедневной работе."",""title"":""Запуск и передача""}],""subtitle"":""От первого разговора до готового дашборда — 4 шага."",""title"":""Как это работает""}",,,,,"{""steps"":[{""number"":""01"",""text"":""Разбираемся в вашей модели бизнеса, каналах продаж и рекламы. Определяем, какие цифры для вас самые важные."",""title"":""Короткий аудит""},{""number"":""02"",""text"":""Подключаем рекламные кабинеты и источник продаж. Настраиваем сбор данных и базовую логику расчётов."",""title"":""Подключение источников""},{""number"":""03"",""text"":""Собираем ваш дашборд, настраиваем ключевые KPI, прибыльность и нужные срезы для управления бизнесом."",""title"":""Сборка OmniDash""},{""number"":""04"",""text"":""Вы получаете ссылку на дашборд, объяснение по чтению цифр и сценарий использования в ежедневной работе."",""title"":""Запуск и передача""}],""subtitle"":""От первого разговора до готового дашборда — 4 шага."",""title"":""Как это работает""}",,"{""blockType"":""howItWorks"",""order"":3}"
jtz4hoaXAenMcB4qySmZXc,omnidashBlock,ua,howItWorks,,,"{""steps"":[{""number"":""01"",""text"":""Розбираємося у вашій моделі бізнесу, каналах продажів і реклами. Визначаємо, які цифри для вас найважливіші."",""title"":""Короткий аудит""},{""number"":""02"",""text"":""Підключаємо рекламні кабінети та джерело продажів. Налаштовуємо збір даних і базову логіку розрахунків."",""title"":""Підключення джерел""},{""number"":""03"",""text"":""Збираємо ваш дашборд, налаштовуємо ключові KPI, прибутковість і потрібні зрізи для управління бізнесом."",""title"":""Збірка OmniDash""},{""number"":""04"",""text"":""Ви отримуєте посилання на дашборд, пояснення щодо читання цифр і сценарій використання в щоденній роботі."",""title"":""Запуск і передача""}],""subtitle"":""Від першої розмови до готового дашборду — 4 кроки."",""title"":""Як це працює""}",,,,,"{""steps"":[{""number"":""01"",""text"":""Розбираємося у вашій моделі бізнесу, каналах продажів і реклами. Визначаємо, які цифри для вас найважливіші."",""title"":""Короткий аудит""},{""number"":""02"",""text"":""Підключаємо рекламні кабінети та джерело продажів. Налаштовуємо збір даних і базову логіку розрахунків."",""title"":""Підключення джерел""},{""number"":""03"",""text"":""Збираємо ваш дашборд, налаштовуємо ключові KPI, прибутковість і потрібні зрізи для управління бізнесом."",""title"":""Збірка OmniDash""},{""number"":""04"",""text"":""Ви отримуєте посилання на дашборд, пояснення щодо читання цифр і сценарій використання в щоденній роботі."",""title"":""Запуск і передача""}],""subtitle"":""Від першої розмови до готового дашборду — 4 кроки."",""title"":""Як це працює""}",,"{""blockType"":""howItWorks"",""order"":3}"
jtz4hoaXAenMcB4qySmZk6,omnidashBlock,ro,painPoints,,,"{""pains"":[{""text"":""Banii merg în Meta și Google, dar ce campanii se rentabilizează cu adevărat — nu se știe."",""title"":""Reclama cheltuiește, dar nu știi ce aduce""},{""text"":""Meta Ads, Google Ads, CRM-ul și magazinul arată rezultate diferite. Nu e clar în ce să ai încredere."",""title"":""Platforme diferite — cifre diferite""},{""text"":""După comisioane, livrare, retururi și costul produsului se dovedește că câștigi mult mai puțin."",""title"":""Există venit, dar nu există profit""},{""text"":""În loc să gestionezi business-ul — muți cifre din conturi în tabele. În fiecare săptămână."",""title"":""Ore pierdute pe rapoarte manuale""},{""text"":""Reclama a mers pe minus acum o săptămână, iar tu ai aflat abia acum. Bugetul e deja cheltuit."",""title"":""Afli despre probleme prea târziu""},{""text"":""Vânzările, reclama, cheltuielile și profitul — în sisteme separate. Nu există o imagine de ansamblu."",""title"":""Nu există o imagine unică a business-ului""}],""subtitle"":""Probleme tipice ale e-commerce-ului mic pe care le rezolvă OmniDash."",""title"":""Te recunoști?""}",,,,,"{""pains"":[{""text"":""Banii merg în Meta și Google, dar ce campanii se rentabilizează cu adevărat — nu se știe."",""title"":""Reclama cheltuiește, dar nu știi ce aduce""},{""text"":""Meta Ads, Google Ads, CRM-ul și magazinul arată rezultate diferite. Nu e clar în ce să ai încredere."",""title"":""Platforme diferite — cifre diferite""},{""text"":""După comisioane, livrare, retururi și costul produsului se dovedește că câștigi mult mai puțin."",""title"":""Există venit, dar nu există profit""},{""text"":""În loc să gestionezi business-ul — muți cifre din conturi în tabele. În fiecare săptămână."",""title"":""Ore pierdute pe rapoarte manuale""},{""text"":""Reclama a mers pe minus acum o săptămână, iar tu ai aflat abia acum. Bugetul e deja cheltuit."",""title"":""Afli despre probleme prea târziu""},{""text"":""Vânzările, reclama, cheltuielile și profitul — în sisteme separate. Nu există o imagine de ansamblu."",""title"":""Nu există o imagine unică a business-ului""}],""subtitle"":""Probleme tipice ale e-commerce-ului mic pe care le rezolvă OmniDash."",""title"":""Te recunoști?""}",,"{""blockType"":""painPoints"",""order"":1}"
bn5fI15u1dDaoAFilufHT5,contactInfo,ru,Контакты,contact,Напишите — обсудим вашу задачу и найдём решение.,"{""channelsTitle"":""Как связаться"",""channels"":[{""description"":""Быстрый ответ, удобно для обсуждения задач"",""href"":""https://t.me/omnidash_ai"",""id"":""telegram"",""label"":""Telegram"",""value"":""@omnidash_ai""},{""description"":""Для официальных запросов и документов"",""href"":""mailto:s.mytsyk@gmail.com"",""id"":""email"",""label"":""Email"",""value"":""s.mytsyk@gmail.com""},{""description"":""Профессиональная сеть и портфолио"",""href"":""https://www.linkedin.com/in/pavlo-mytsyk-04022a3b3/"",""id"":""linkedin"",""label"":""LinkedIn"",""value"":""Pavlo Mytsyk""}],""formTitle"":""Или оставьте сообщение"",""formSubtitle"":""Опишите задачу — отвечу в течение 24 часов."",""formNameLabel"":""Имя"",""formNamePlaceholder"":""Как к вам обращаться"",""formEmailLabel"":""Email"",""formEmailPlaceholder"":""your@email.com"",""formMessageLabel"":""Сообщение"",""formMessagePlaceholder"":""Опишите вашу задачу или вопрос..."",""formSubmit"":""Отправить"",""formSending"":""Отправляю..."",""formSuccessTitle"":""Спасибо!"",""formSuccessMessage"":""Ваше сообщение отправлено. Отвечу в течение 24 часов."",""formErrorTitle"":""Ошибка"",""formErrorMessage"":""Не удалось отправить сообщение. Попробуйте ещё раз или напишите напрямую в Telegram.""}",,,,,"{""channelsTitle"":""Как связаться"",""channels"":[{""description"":""Быстрый ответ, удобно для обсуждения задач"",""href"":""https://t.me/omnidash_ai"",""id"":""telegram"",""label"":""Telegram"",""value"":""@omnidash_ai""},{""description"":""Для официальных запросов и документов"",""href"":""mailto:s.mytsyk@gmail.com"",""id"":""email"",""label"":""Email"",""value"":""s.mytsyk@gmail.com""},{""description"":""Профессиональная сеть и портфолио"",""href"":""https://www.linkedin.com/in/pavlo-mytsyk-04022a3b3/"",""id"":""linkedin"",""label"":""LinkedIn"",""value"":""Pavlo Mytsyk""}],""formTitle"":""Или оставьте сообщение"",""formSubtitle"":""Опишите задачу — отвечу в течение 24 часов."",""formSubmit"":""Отправить"",""formSending"":""Отправляю...""}",,"{""formTitle"":""Или оставьте сообщение"",""formSubtitle"":""Опишите задачу — отвечу в течение 24 часов."",""formNameLabel"":""Имя"",""formNamePlaceholder"":""Как к вам обращаться"",""formEmailLabel"":""Email"",""formEmailPlaceholder"":""your@email.com"",""formMessageLabel"":""Сообщение"",""formMessagePlaceholder"":""Опишите вашу задачу или вопрос..."",""formSubmit"":""Отправить"",""formSending"":""Отправляю..."",""formSuccessTitle"":""Спасибо!"",""formSuccessMessage"":""Ваше сообщение отправлено. Отвечу в течение 24 часов."",""formErrorTitle"":""Ошибка"",""formErrorMessage"":""Не удалось отправить сообщение. Попробуйте ещё раз или напишите напрямую в Telegram.""}"
cwB5C6JY2LVPSJSVdE0s0y,contactInfo,ua,Контакти,contact,Напишіть — обговоримо вашу задачу і знайдемо рішення.,"{""channelsTitle"":""Як зв'язатися"",""channels"":[{""description"":""Швидка відповідь, зручно для обговорення задач"",""href"":""https://t.me/omnidash_ai"",""id"":""telegram"",""label"":""Telegram"",""value"":""@omnidash_ai""},{""description"":""Для офіційних запитів і документів"",""href"":""mailto:s.mytsyk@gmail.com"",""id"":""email"",""label"":""Email"",""value"":""s.mytsyk@gmail.com""},{""description"":""Професійна мережа та портфоліо"",""href"":""https://www.linkedin.com/in/pavlo-mytsyk-04022a3b3/"",""id"":""linkedin"",""label"":""LinkedIn"",""value"":""Pavlo Mytsyk""}],""formTitle"":""Або залиште повідомлення"",""formSubtitle"":""Опишіть задачу — відповім протягом 24 годин."",""formNameLabel"":""Ім'я"",""formNamePlaceholder"":""Як до вас звертатися"",""formEmailLabel"":""Email"",""formEmailPlaceholder"":""your@email.com"",""formMessageLabel"":""Повідомлення"",""formMessagePlaceholder"":""Опишіть вашу задачу або питання..."",""formSubmit"":""Надіслати"",""formSending"":""Надсилаю..."",""formSuccessTitle"":""Дякую!"",""formSuccessMessage"":""Ваше повідомлення надіслано. Відповім протягом 24 годин."",""formErrorTitle"":""Помилка"",""formErrorMessage"":""Не вдалося надіслати повідомлення. Спробуйте ще раз або напишіть безпосередньо в Telegram.""}",,,,,"{""channelsTitle"":""Як зв'язатися"",""channels"":[{""description"":""Швидка відповідь, зручно для обговорення задач"",""href"":""https://t.me/omnidash_ai"",""id"":""telegram"",""label"":""Telegram"",""value"":""@omnidash_ai""},{""description"":""Для офіційних запитів і документів"",""href"":""mailto:s.mytsyk@gmail.com"",""id"":""email"",""label"":""Email"",""value"":""s.mytsyk@gmail.com""},{""description"":""Професійна мережа та портфоліо"",""href"":""https://www.linkedin.com/in/pavlo-mytsyk-04022a3b3/"",""id"":""linkedin"",""label"":""LinkedIn"",""value"":""Pavlo Mytsyk""}],""formTitle"":""Або залиште повідомлення"",""formSubtitle"":""Опишіть задачу — відповім протягом 24 годин."",""formSubmit"":""Надіслати"",""formSending"":""Надсилаю...""}",,"{""formTitle"":""Або залиште повідомлення"",""formSubtitle"":""Опишіть задачу — відповім протягом 24 годин."",""formNameLabel"":""Ім'я"",""formNamePlaceholder"":""Як до вас звертатися"",""formEmailLabel"":""Email"",""formEmailPlaceholder"":""your@email.com"",""formMessageLabel"":""Повідомлення"",""formMessagePlaceholder"":""Опишіть вашу задачу або питання..."",""formSubmit"":""Надіслати"",""formSending"":""Надсилаю..."",""formSuccessTitle"":""Дякую!"",""formSuccessMessage"":""Ваше повідомлення надіслано. Відповім протягом 24 годин."",""formErrorTitle"":""Помилка"",""formErrorMessage"":""Не вдалося надіслати повідомлення. Спробуйте ще раз або напишіть безпосередньо в Telegram.""}"
cwB5C6JY2LVPSJSVdE0sq6,contactInfo,ro,Contact,contact,Scrie — discutăm sarcina ta și găsim o soluție.,"{""channelsTitle"":""Cum să iei legătura"",""channels"":[{""description"":""Răspuns rapid, convenabil pentru discuții"",""href"":""https://t.me/omnidash_ai"",""id"":""telegram"",""label"":""Telegram"",""value"":""@omnidash_ai""},{""description"":""Pentru cereri oficiale și documente"",""href"":""mailto:s.mytsyk@gmail.com"",""id"":""email"",""label"":""Email"",""value"":""s.mytsyk@gmail.com""},{""description"":""Rețea profesională și portofoliu"",""href"":""https://www.linkedin.com/in/pavlo-mytsyk-04022a3b3/"",""id"":""linkedin"",""label"":""LinkedIn"",""value"":""Pavlo Mytsyk""}],""formTitle"":""Sau lasă un mesaj"",""formSubtitle"":""Descrie sarcina — răspund în 24 de ore."",""formNameLabel"":""Nume"",""formNamePlaceholder"":""Cum să te adresez"",""formEmailLabel"":""Email"",""formEmailPlaceholder"":""your@email.com"",""formMessageLabel"":""Mesaj"",""formMessagePlaceholder"":""Descrie sarcina sau întrebarea ta..."",""formSubmit"":""Trimite"",""formSending"":""Trimit..."",""formSuccessTitle"":""Mulțumesc!"",""formSuccessMessage"":""Mesajul tău a fost trimis. Răspund în 24 de ore."",""formErrorTitle"":""Eroare"",""formErrorMessage"":""Nu am putut trimite mesajul. Încearcă din nou sau scrie direct pe Telegram.""}",,,,,"{""channelsTitle"":""Cum să iei legătura"",""channels"":[{""description"":""Răspuns rapid, convenabil pentru discuții"",""href"":""https://t.me/omnidash_ai"",""id"":""telegram"",""label"":""Telegram"",""value"":""@omnidash_ai""},{""description"":""Pentru cereri oficiale și documente"",""href"":""mailto:s.mytsyk@gmail.com"",""id"":""email"",""label"":""Email"",""value"":""s.mytsyk@gmail.com""},{""description"":""Rețea profesională și portofoliu"",""href"":""https://www.linkedin.com/in/pavlo-mytsyk-04022a3b3/"",""id"":""linkedin"",""label"":""LinkedIn"",""value"":""Pavlo Mytsyk""}],""formTitle"":""Sau lasă un mesaj"",""formSubtitle"":""Descrie sarcina — răspund în 24 de ore."",""formSubmit"":""Trimite"",""formSending"":""Trimit...""}",,"{""formTitle"":""Sau lasă un mesaj"",""formSubtitle"":""Descrie sarcina — răspund în 24 de ore."",""formNameLabel"":""Nume"",""formNamePlaceholder"":""Cum să te adresez"",""formEmailLabel"":""Email"",""formEmailPlaceholder"":""your@email.com"",""formMessageLabel"":""Mesaj"",""formMessagePlaceholder"":""Descrie sarcina sau întrebarea ta..."",""formSubmit"":""Trimite"",""formSending"":""Trimit..."",""formSuccessTitle"":""Mulțumesc!"",""formSuccessMessage"":""Mesajul tău a fost trimis. Răspund în 24 de ore."",""formErrorTitle"":""Eroare"",""formErrorMessage"":""Nu am putut trimite mesajul. Încearcă din nou sau scrie direct pe Telegram.""}"